id,service,committed_at,deployed_at,status
D-1,catalogue,2026-09-02T01:00:00Z,2026-09-02T05:00:00Z,success
D-2,checkout,2026-09-03T00:00:00Z,2026-09-03T02:00:00Z,success
D-3,catalogue,2026-09-03T18:00:00Z,2026-09-03T21:00:00Z,success
D-4,assistant,2026-09-04T11:00:00Z,2026-09-04T13:00:00Z,success
D-5,checkout,2026-09-05T02:00:00Z,2026-09-05T04:00:00Z,success
D-6,checkout,2026-09-05T04:00:00Z,2026-09-06T00:00:00Z,success
D-7,assistant,2026-09-06T13:00:00Z,2026-09-06T16:00:00Z,success
D-8,assistant,2026-09-07T10:00:00Z,2026-09-07T12:00:00Z,success
D-9,assistant,2026-09-07T21:00:00Z,2026-09-08T03:00:00Z,success
D-10,assistant,2026-09-09T00:00:00Z,2026-09-09T02:00:00Z,success
D-11,checkout,2026-09-08T23:00:00Z,2026-09-09T19:00:00Z,success
D-12,checkout,2026-09-10T08:00:00Z,2026-09-10T10:00:00Z,failed
D-13,catalogue,2026-09-11T05:00:00Z,2026-09-11T09:00:00Z,success
D-14,assistant,2026-09-11T20:00:00Z,2026-09-12T00:00:00Z,success
D-15,assistant,2026-09-12T07:00:00Z,2026-09-12T15:00:00Z,success
D-16,checkout,2026-09-13T11:00:00Z,2026-09-13T15:00:00Z,success
D-17,catalogue,2026-09-14T01:00:00Z,2026-09-14T07:00:00Z,success
D-18,assistant,2026-09-14T18:00:00Z,2026-09-14T21:00:00Z,success
D-19,assistant,2026-09-15T09:00:00Z,2026-09-15T15:00:00Z,failed
D-20,catalogue,2026-09-15T18:00:00Z,2026-09-16T14:00:00Z,success
D-21,catalogue,2026-09-16T00:00:00Z,2026-09-17T06:00:00Z,success
D-22,checkout,2026-09-17T17:00:00Z,2026-09-17T23:00:00Z,success
D-23,checkout,2026-09-18T14:00:00Z,2026-09-18T20:00:00Z,success
D-24,assistant,2026-09-19T05:00:00Z,2026-09-19T13:00:00Z,success
D-25,checkout,2026-09-19T18:00:00Z,2026-09-20T06:00:00Z,failed
D-26,assistant,2026-09-20T16:00:00Z,2026-09-21T00:00:00Z,success
D-27,assistant,2026-09-21T12:00:00Z,2026-09-21T15:00:00Z,success
D-28,catalogue,2026-09-22T08:00:00Z,2026-09-22T12:00:00Z,success
D-29,catalogue,2026-09-21T22:00:00Z,2026-09-23T04:00:00Z,success
D-30,assistant,2026-09-23T18:00:00Z,2026-09-23T21:00:00Z,success
D-31,catalogue,2026-09-24T07:00:00Z,2026-09-24T19:00:00Z,failed
D-32,assistant,2026-09-25T02:00:00Z,2026-09-25T14:00:00Z,success
D-33,checkout,2026-09-25T00:00:00Z,2026-09-26T06:00:00Z,success
D-34,catalogue,2026-09-27T00:00:00Z,2026-09-27T03:00:00Z,success
D-35,checkout,2026-09-27T15:00:00Z,2026-09-27T18:00:00Z,success
D-36,assistant,2026-09-28T06:00:00Z,2026-09-28T14:00:00Z,success
D-37,catalogue,2026-09-28T01:00:00Z,2026-09-29T07:00:00Z,success
D-38,assistant,2026-09-29T06:00:00Z,2026-09-30T02:00:00Z,success
D-39,catalogue,2026-09-30T15:00:00Z,2026-09-30T17:00:00Z,success
D-40,assistant,2026-10-01T07:00:00Z,2026-10-01T11:00:00Z,success
